date,open,high,low,close,Volume,ema12,ema26,macd,signal,OBV,OBV_EMA,OBV_pc,ema12gtema26,ema12gtema26co,ema12ltema26,ema12ltema26co,macdgtsignal,macdgtsignalco,macdltsignal,macdltsignalco
2021-01-27 11:00:00,0.12959000,0.13151000,0.12560000,0.12589,940654.6,0.12589,0.12589,0.0,0.0,0.0,0.0,0.0,False,False,False,False,False,False,False,False
2021-01-27 12:00:00,0.12570000,0.12896000,0.12472000,0.12776,1351789.1,0.12690291666666667,0.12686096153846155,4.195512820512337e-05,8.391025641024675e-06,1351789.1,692379.7829268293,inf,True,True,False,False,True,True,False,False
2021-01-27 13:00:00,0.12777000,0.12895000,0.12405000,0.12457,758516.4,0.12599237875288682,0.12603784130113357,-4.546254824674967e-05,-2.379689136530194e-06,593272.7000000001,657719.811816019,-56.11,False,False,True,True,False,False,True,True
2021-01-27 14:00:00,0.12426000,0.12545000,0.11785000,0.12021,2850952.1,0.12416710775862067,0.12440863154755141,-0.00024152378893074755,-5.020850909537367e-05,-2257679.4,-125305.97341724427,-480.55,False,False,True,False,False,False,True,False
2021-01-27 15:00:00,0.12015000,0.12618000,0.11949000,0.12582,1281862.7,0.12461619267320515,0.12473593371300304,-0.00011974103979789374,-6.41150152358777e-05,-975816.7,-312397.91949189064,-56.78,False,False,True,False,False,False,True,False
2021-01-27 16:00:00,0.12570000,0.12875000,0.12500000,0.12567,2142053.6,0.12487232329421376,0.12492301974044308,-5.0696446229320236e-05,-6.14313014345662e-05,-3117870.3,-838804.648311672,219.51,False,False,True,False,True,True,False,False
2021-01-27 17:00:00,0.12590000,0.12709000,0.12367000,0.1248,602253.7,0.12485618460414985,0.1249011413173227,-4.495671317285288e-05,-5.8136383782223544e-05,-3720124.0,-1313041.8742585436,19.32,False,False,True,False,True,False,False,False
2021-01-27 18:00:00,0.12482000,0.12525000,0.12068000,0.12204,1000204.5,0.12426849028341598,0.12444014055681042,-0.0001716502733944414,-8.083916170466712e-05,-4720328.5,-1815119.5564338393,26.89,False,False,True,False,False,False,True,True
2021-01-27 19:00:00,0.12207000,0.12630000,0.12174000,0.12492,665437.3,0.12439738209452476,0.12451126626061526,-0.00011388416609049712,-8.744816258183312e-05,-4054891.2,-2115227.7961108154,-14.1,False,False,True,False,False,False,True,False
2021-01-27 20:00:00,0.12473000,0.12800000,0.12399000,0.12725,820237.1,0.12493795207895834,0.12488918486140964,4.876721754870639e-05,-6.020508655572523e-05,-3234654.1,-2253295.251053978,-20.23,True,True,False,False,True,True,False,False
2021-01-27 21:00:00,0.12737000,0.12763000,0.12431000,0.1255,413217.1,0.12504079329657639,0.12496840777839134,7.238551818504468e-05,-3.3686965607571246e-05,-3647871.2,-2413191.872571272,12.77,True,False,False,False,True,False,False,False
2021-01-27 22:00:00,0.12574000,0.12735000,0.12413000,0.12519,243124.1,0.12506732175862045,0.1249956338743142,7.168788430625406e-05,-1.2611995624806186e-05,-3890995.3000000003,-2571985.9465044267,6.66,True,False,False,False,True,False,False,False
2021-01-27 23:00:00,0.12545000,0.12588000,0.12305000,0.12452,1015186.2,0.12497228590885327,0.12493991345173007,3.2372457123203136e-05,-3.6151050752043224e-06,-4906181.5,-2808641.730979169,26.09,True,False,False,False,True,False,False,False
2021-01-28 00:00:00,0.12401000,0.12501000,0.12021000,0.12473,466177.7,0.12493103235433048,0.1249163376729698,1.4694681360685746e-05,4.685221197369137e-08,-4440003.8,-2965600.4660596387,-9.5,True,False,False,False,True,False,False,False
2021-01-28 01:00:00,0.12523000,0.12842000,0.12385000,0.12808,878653.5,0.12545853834342494,0.1252585684414866,0.00019996990193832387,4.003146215724373e-05,-3561350.3,-3020263.2297212025,-19.79,True,False,False,False,True,False,False,False
2021-01-28 02:00:00,0.12850000,0.13175000,0.12792000,0.13104,771819.9,0.1263809188895148,0.12586335367583368,0.000517565213681126,0.0001355382124620202,-2789530.4,-2999987.327849015,-21.67,True,False,False,False,True,False,False,False
2021-01-28 03:00:00,0.13134000,0.13156000,0.12863000,0.13003,737515.0,0.12697715423717626,0.12628630466451382,0.0006908495726624386,0.0002466004845021039,-3527045.4,-3044510.7551274328,26.44,True,False,False,False,True,False,False,False
2021-01-28 04:00:00,0.12995000,0.13056000,0.12826000,0.13051,463334.6,0.1275489386095723,0.12670359831706923,0.0008453402925030773,0.0003663484461022986,-3063710.8,-3046075.032562878,-13.14,True,False,False,False,True,False,False,False
2021-01-28 05:00:00,0.13051000,0.13170000,0.12915000,0.1317,411968.4,0.1282154466452995,0.1271853237366956,0.001030122908603881,0.0004991033386026151,-2651742.4,-3014999.739443563,-13.45,True,False,False,False,True,False,False,False
2021-01-28 06:00:00,0.13175000,0.14427000,0.13121000,0.13654,2503931.7,0.12954314591868032,0.12806754081099472,0.0014756051076856014,0.0006944036924192124,-147810.69999999972,-2795884.81897714,-94.43,True,False,False,False,True,False,False,False
2021-01-28 07:00:00,0.13660000,0.13816000,0.13412000,0.13594,1111960.9,0.13055766489940124,0.12879524943729653,0.001762415462104705,0.000908006046356311,-1259771.5999999996,-2681779.2464231965,752.29,True,False,False,False,True,False,False,False
2021-01-28 08:00:00,0.13586000,0.13787000,0.13471000,0.13604,949118.5,0.13142303348334475,0.12945285858767744,0.0019701748956673093,0.0011204398162185107,-310653.0999999996,-2510221.4757611845,-75.34,True,False,False,False,True,False,False,False
2021-01-28 09:00:00,0.13630000,0.13832000,0.13406000,0.13741,651210.4,0.13236429092083482,0.1301632704721367,0.002201020448698132,0.001336555942714435,340557.3000000004,-2308937.972492212,-209.63,True,False,False,False,True,False,False,False
2021-01-28 10:00:00,0.13784000,0.13800000,0.13431000,0.13723,883676.4,0.1331266962537448,0.13078473673672936,0.002341959517015435,0.0015376366575746351,-543119.0999999996,-2187061.3208202072,-259.48,True,False,False,False,True,False,False,False
2021-01-28 11:00:00,0.13736000,0.13853000,0.13511000,0.13662,646151.9,0.13367250822372306,0.13129088519779417,0.0023816230259288973,0.0017064339312454877,-1189270.9999999995,-2119636.8683139402,118.97,True,False,False,False,True,False,False,False
2021-01-28 12:00:00,0.13704000,0.13849000,0.13562000,0.13636,647141.2,0.1340914109646447,0.13172507894338054,0.002366332021264156,0.0018384135492492215,-1836412.1999999995,-2100872.742934079,54.41,True,False,False,False,True,False,False,False
2021-01-28 13:00:00,0.13692000,0.14600000,0.13567000,0.144,1913843.9,0.1356327538752411,0.13276444761164533,0.0028683062635957712,0.0020443920921185315,77431.70000000042,-1959196.1126827928,-104.22,True,False,False,False,True,False,False,False
2021-01-28 14:00:00,0.14356000,0.14717000,0.14176000,0.14514,3588666.2,0.13710914063244647,0.13380134593907325,0.0033077946933732227,0.00229707261236947,3666097.9000000004,-1599592.333177235,4634.62,True,False,False,False,True,False,False,False
2021-01-28 15:00:00,0.14548000,0.14600000,0.14231000,0.14422,1556518.1,0.13821179802783878,0.13466588715572378,0.0035459108721150046,0.002546840264318577,2109579.8000000003,-1366283.5872359918,-42.46,True,False,False,False,True,False,False,False
2021-01-28 16:00:00,0.14422000,0.14500000,0.14059000,0.14359,1195226.7,0.13904476132495286,0.13539987422907143,0.0036448870958814272,0.002766449630631147,914353.1000000003,-1224989.5973298687,-56.66,True,False,False,False,True,False,False,False
2021-01-28 17:00:00,0.14329000,0.14550000,0.14306000,0.1437,1025428.6,0.13976501082710738,0.13607700528438432,0.003688005542723055,0.002950760813049529,1939781.7000000002,-1031691.0318228805,112.15,True,False,False,False,True,False,False,False
2021-01-28 18:00:00,0.14381000,0.14472000,0.14180000,0.14239,1318994.2,0.14017079026050194,0.13658818724899302,0.0035826030115089225,0.0030771292527414077,620787.5000000002,-932100.9996433231,-68.0,True,False,False,False,True,False,False,False
2021-01-28 19:00:00,0.14283000,0.14525000,0.14237000,0.14428,797841.3,0.14080553748760014,0.13720674881709574,0.0035987886705043937,0.003181461136294005,1418628.8000000003,-792198.8967796878,128.52,True,False,False,False,True,False,False,False
2021-01-28 20:00:00,0.14425000,0.14506000,0.14232000,0.14401,758291.5,0.14130022062216424,0.13775040487212373,0.0035498157500405136,0.003255132059043307,660337.3000000003,-706768.4016808514,-53.45,True,False,False,False,True,False,False,False
2021-01-28 21:00:00,0.14463000,0.14579000,0.14250000,0.1429,879409.0,0.14154705359259487,0.13815952716206592,0.0033875264305289476,0.0032816109333404352,-219071.69999999972,-678402.239602276,-133.18,True,False,False,False,True,False,False,False
2021-01-28 22:00:00,0.14291000,0.14361000,0.14059000,0.14126,838615.1,0.14150278328616553,0.1384045353508045,0.003098247935361037,0.003244938333744556,-1057686.7999999998,-700232.5791278138,382.8,True,False,False,False,False,False,True,True
2021-01-28 23:00:00,0.14107000,0.14121000,0.13548000,0.13738,1208390.8,0.14086719431009984,0.13832397233917962,0.0025432219709202175,0.0031045950611796884,-2266077.5999999996,-789470.526023818,114.25,True,False,False,False,False,False,True,False
2021-01-29 00:00:00,0.13712000,0.13906000,0.13627000,0.13763,752847.5,0.14036829126232378,0.13826965041025047,0.0020986408520733135,0.0029034042193584134,-1513230.0999999996,-830334.838146372,-33.22,True,False,False,False,False,False,True,False
2021-01-29 01:00:00,0.13765000,0.14350000,0.13765000,0.14037,1321441.3,0.140368554534922,0.13843337096823422,0.001935183566687787,0.002709760088824288,-191788.79999999958,-794597.7734192192,-87.33,True,False,False,False,False,False,True,False
2021-01-29 02:00:00,0.14091000,0.14212000,0.13923000,0.13926,506841.2,0.14019779370912205,0.13849755730536842,0.0017002364037536355,0.002507855351810158,-698629.9999999995,-789271.2730705803,264.27,True,False,False,False,False,False,True,False
2021-01-29 03:00:00,0.13925000,0.13981000,0.13582000,0.1371,901493.0,0.13972070421069163,0.1383894258457046,0.001331278364987032,0.002272539954445533,-1600122.9999999995,-833923.945078556,129.04,True,False,False,False,False,False,True,False
2021-01-29 04:00:00,0.13721000,0.14357000,0.13213000,0.14114,3376422.8,0.13993925348365044,0.13860154309705924,0.0013377103865911955,0.002085574040874666,1776299.8000000003,-691244.8565563388,-211.01,True,False,False,False,False,False,True,False
2021-01-29 05:00:00,0.14127000,0.14263000,0.13890000,0.13904,1832957.9,0.13980080168969944,0.13863525318091055,0.0011655485087888884,0.0019015689344575105,-56658.09999999963,-656799.8906679027,-103.19,True,False,False,False,False,False,True,False
2021-01-29 06:00:00,0.13904000,0.14152000,0.13800000,0.13988,1397094.9,0.13981299387676213,0.13873068551716586,0.0010823083595962735,0.0017377168194852631,1340436.8000000003,-549108.4116511727,-2465.83,True,False,False,False,False,False,True,False
2021-01-29 07:00:00,0.14000000,0.14137000,0.13466000,0.13677,658944.3,0.13934458638119496,0.13858075246840967,0.0007638339127852833,0.0015429402381452672,681492.5000000002,-483169.60978994466,-49.16,True,False,False,False,False,False,True,False
2021-01-29 08:00:00,0.13677000,0.13880000,0.13400000,0.13846,1672714.1,0.139208433551166,0.13857154063061386,0.0006368929205521345,0.0013617307746266408,2354206.6000000006,-332036.8912723116,245.45,True,False,False,False,False,False,True,False
2021-01-29 09:00:00,0.13844000,0.13910000,0.13300000,0.13549,1299052.0,0.1386361441437385,0.13833697834533287,0.0002991657984056373,0.0011492177793824402,1055154.6000000006,-258563.02445596235,-55.18,True,False,False,False,False,False,True,False
2021-01-29 10:00:00,0.13608000,0.13828000,0.13403000,0.136,1117515.6,0.1382304499184387,0.1381594539702091,7.099594822959632e-05,0.0009335734131518715,2172670.2000000007,-130475.39935525882,105.91,True,False,False,False,False,False,True,False
2021-01-29 11:00:00,0.13658000,0.13813000,0.13456000,0.13749,1458960.7,0.1381165027980574,0.13810869598686157,7.80681119583182e-06,0.0007484200927606636,3631630.9000000004,66729.3590684562,67.15,True,False,False,False,False,False,True,False
2021-01-29 12:00:00,0.13703000,0.13811000,0.13132000,0.13474,1505975.3,0.1375969183328736,0.13785372669219156,-0.00025680835931796153,0.0005473744023449386,2125655.6000000006,174140.08105336007,-41.47,False,False,True,True,False,False,True,False
2021-01-29 13:00:00,0.13471000,0.13684000,0.13461000,0.1347,1278726.3,0.13715114966401837,0.13761541253856874,-0.00046426287455036963,0.000345046946965877,846929.3000000005,209079.41545849756,-60.16,False,False,True,False,False,False,True,False
2021-01-29 14:00:00,0.13490000,0.13644000,0.13271000,0.13395,1195197.3,0.13665858195625996,0.13733884497725352,-0.0006802630209935545,0.00013998495337399074,-348267.99999999953,180259.51323989153,-141.12,False,False,True,False,False,False,True,False
2021-01-29 15:00:00,0.13393000,0.13930000,0.13335000,0.13845,1731132.3,0.1369342241017529,0.1374225698400943,-0.0004883457383413892,1.4318815030914755e-05,1382864.3000000005,242191.75481674643,-497.07,False,False,True,False,False,False,True,False
2021-01-29 16:00:00,0.13900000,0.14269000,0.13562000,0.13756,2698294.1,0.13703050895335622,0.1374329119304855,-0.0004024029771292903,-6.902554340112626e-05,-1315429.7999999996,162286.6932045338,-195.12,False,False,True,False,False,False,True,False
2021-01-29 17:00:00,0.13709000,0.14000000,0.13504000,0.13823,826997.0,0.13721506491047417,0.13749282488020875,-0.0002777599697345867,-0.00011077242866781837,-488432.7999999996,129027.57477870003,-62.87,False,False,True,False,False,False,True,False
2021-01-29 18:00:00,0.13812000,0.13835000,0.13455000,0.13662,412171.8,0.13712350854041033,0.13742729066832074,-0.00030378212791040693,-0.00014937436851633607,-900604.5999999996,76584.88014130833,84.39,False,False,True,False,False,False,True,False
2021-01-29 19:00:00,0.13632000,0.13673000,0.13337000,0.13552,483727.4,0.13687679685531753,0.1372842300998719,-0.0004074332445543616,-0.00020098614372394117,-1384331.9999999995,2421.184270455384,53.71,False,False,True,False,False,False,True,False
2021-01-29 20:00:00,0.13513000,0.13586000,0.13376000,0.13486,404686.7,0.13656650119233657,0.13710256486233705,-0.0005360636700004751,-0.00026800164897924797,-1789018.6999999995,-88236.34874421547,29.23,False,False,True,False,False,False,True,False
2021-01-29 21:00:00,0.13486000,0.13623000,0.13408000,0.1354,362483.7,0.1363870300622669,0.13697508930215482,-0.000588059239887917,-0.00033201316716098176,-1426534.9999999995,-155760.5463981875,-20.26,False,False,True,False,False,False,True,False
2021-01-29 22:00:00,0.13539000,0.13800000,0.13506000,0.13793,365388.8,0.13662442058256546,0.13704652895552366,-0.0004221083729581965,-0.0003500322083204247,-1061146.1999999995,-201312.81342370607,-25.61,False,False,True,False,False,False,True,False
2021-01-29 23:00:00,0.13748000,0.13771000,0.13527000,0.137,409839.9,0.1366822042001742,0.1370430505586885,-0.0003608463585142996,-0.00035219503835919974,-1470986.0999999996,-265021.7221120517,38.62,False,False,True,False,False,False,True,False
2021-01-30 00:00:00,0.13696000,0.13775000,0.13553000,0.13594,361407.0,0.1365680153121524,0.13696064538918223,-0.0003926300770298319,-0.00036028204609332617,-1832393.0999999996,-343467.65541287675,24.57,False,False,True,False,False,False,True,False
2021-01-30 01:00:00,0.13627000,0.13864000,0.13589000,0.13628,309627.0,0.13652370407337547,0.13690982882193053,-0.00038612474855506673,-0.0003654505865856743,-1522766.0999999996,-402347.690189097,-16.9,False,False,True,False,False,False,True,False
2021-01-30 02:00:00,0.13629000,0.13699000,0.13502000,0.13502,235250.5,0.136292359724795,0.13676881789675874,-0.00047645817196373397,-0.00038765210366128625,-1758016.5999999996,-469877.6281755667,15.45,False,False,True,False,False,False,True,False
2021-01-30 03:00:00,0.13530000,0.13583000,0.13387000,0.13427,512389.4,0.13598122147312036,0.13658246775201238,-0.0006012462788920203,-0.0004303709387074331,-2270405.9999999995,-559371.00700859,29.15,False,False,True,False,False,False,True,False
2021-01-30 04:00:00,0.13442000,0.13543000,0.13381000,0.13449,472776.4,0.13575179904993745,0.13642649947791116,-0.0006747004279737123,-0.00047923683656068896,-1797629.5999999996,-620789.3034064478,-20.82,False,False,True,False,False,False,True,False
2021-01-30 05:00:00,0.13447000,0.13645000,0.13247000,0.13486,789708.5,0.1356145973060873,0.13630978994482112,-0.000695192638733827,-0.0005224279969953166,-1007921.0999999996,-639953.2767549074,-43.93,False,False,True,False,False,False,True,False
2021-01-30 06:00:00,0.13476000,0.13789000,0.13367000,0.13745,517472.2,0.1358969702426822,0.13639470301249423,-0.0004977327698120204,-0.0005174889515586574,-490448.8999999996,-632566.3560173108,-51.34,False,False,True,False,True,True,False,False
2021-01-30 07:00:00,0.13731000,0.13743000,0.13549000,0.136,287737.6,0.13591282113091274,0.13636532059181336,-0.0004524994609006183,-0.0005044910534270496,-778186.4999999995,-639748.5006347997,58.67,False,False,True,False,True,False,False,False
2021-01-30 08:00:00,0.13602000,0.13746000,0.13602000,0.13688,248819.1,0.1360616191217994,0.13640362019130903,-0.0003420010695096287,-0.00047199305664356547,-529367.3999999996,-634313.634527254,-31.97,False,False,True,False,True,False,False,False
2021-01-30 09:00:00,0.13688000,0.13995000,0.13630000,0.13953,1388124.8,0.13659521994805554,0.13663618894547488,-4.09689974193439e-05,-0.0003857882447987212,858757.4000000005,-560917.6375152258,-262.22,False,False,True,False,True,False,False,False
2021-01-30 10:00:00,0.13953000,0.14183000,0.13652000,0.14067,1989429.5,0.137222112932623,0.1369361662265058,0.00028594670611720163,-0.00025144125461553664,2848186.9000000004,-393591.2284282846,231.66,True,True,False,False,True,False,False,False
2021-01-30 11:00:00,0.14089000,0.14271000,0.13849000,0.139,822049.4,0.13749563540282303,0.13708959997104897,0.00040603543177406,-0.00011994591733761732,2026137.5000000005,-274999.0980018658,-28.86,True,False,False,False,True,False,False,False
2021-01-30 12:00:00,0.13905000,0.14164000,0.13854000,0.14091,511428.0,0.13802092451116496,0.1373735472942549,0.00064737721691005,3.351870951191614e-05,2537565.5000000005,-137345.42208157748,25.24,True,False,False,False,True,False,False,False
2021-01-30 13:00:00,0.14124000,0.14598000,0.13877000,0.14585,1941872.8,0.1392254020234156,0.1380033935683818,0.0012220084550338128,0.0002712166586162955,4479438.300000001,88312.45106120054,76.53,True,False,False,False,True,False,False,False
2021-01-30 14:00:00,0.14596000,0.14616000,0.14368000,0.14552,1762676.5,0.14019380467835393,0.13856178889816817,0.0016320157801857638,0.0005433764829301893,2716761.8000000007,216623.56671247605,-39.35,True,False,False,False,True,False,False,False
2021-01-30 15:00:00,0.14552000,0.14900000,0.14380000,0.14839,2107071.9,0.14145476107288632,0.13929175290912035,0.002163008163765967,0.0008673028190973449,4823833.700000001,441261.4765950229,77.56,True,False,False,False,True,False,False,False
2021-01-30 16:00:00,0.14894000,0.14894000,0.13549000,0.14162,3580485.3,0.1414801825020388,0.1394646429409823,0.0020155395610565174,0.0010969501674891794,1243348.4000000013,480325.066070048,-74.22,True,False,False,False,True,False,False,False
2021-01-30 17:00:00,0.14099000,0.14159000,0.13747000,0.14001,1314008.4,0.14125400015893178,0.13950513241444026,0.0017488677444915113,0.0012273336828896458,-70659.9999999986,453519.79009488504,-105.68,True,False,False,False,True,False,False,False
2021-01-30 18:00:00,0.14034000,0.14100000,0.13876000,0.14099,501733.8,0.14121338468609215,0.13961535615318157,0.0015980285329105781,0.0013014726528938324,431073.8000000014,452428.9230251677,-710.07,True,False,False,False,True,False,False,False
2021-01-30 19:00:00,0.14100000,0.14163000,0.13700000,0.13825,766239.9,0.14075747874405126,0.1395140198491444,0.001243458894906846,0.0012898699012964354,-335166.09999999864,414189.5845872357,-177.75,True,False,False,False,False,False,True,True
2021-01-30 20:00:00,0.13848000,0.13982000,0.13821000,0.1394,355427.7,0.14054863562556869,0.13950555856387908,0.0010430770616896012,0.0012405113333750686,20261.600000001374,395081.4082576545,-106.05,True,False,False,False,False,False,True,False
2021-01-30 21:00:00,0.13959000,0.14158000,0.13720000,0.14026,779563.5,0.14050423010247123,0.1395615372713882,0.0009426928310830307,0.001180947632916661,799825.1000000014,414696.80652973737,3847.49,True,False,False,False,False,False,True,False
2021-01-30 22:00:00,0.14027000,0.14071000,0.13808000,0.13849,354881.1,0.14019434829881985,0.1394820403303929,0.0007123079684269451,0.0010872197000187179,444944.0000000014,416161.46183846856,-44.37,True,False,False,False,False,False,True,False
2021-01-30 23:00:00,0.13884000,0.13909000,0.13716000,0.13883,218046.5,0.13998444841758287,0.13943367129601944,0.0005507771215634283,0.00097993118432766,662990.5000000014,428104.0278380645,49.01,True,False,False,False,False,False,True,False
2021-01-31 00:00:00,0.13878000,0.13974000,0.13800000,0.13939,439690.3,0.13989299476217382,0.13943043206006872,0.000462562702105096,0.0008764574878831473,1102680.8000000014,460717.7759342181,66.32,True,False,False,False,False,False,True,False
2021-01-31 01:00:00,0.13972000,0.14125000,0.13900000,0.14103,541524.9,0.1400679187302148,0.13954906524351807,0.0005188534866967243,0.0008049366876458628,1644205.7000000016,517894.21964625723,49.11,True,False,False,False,False,False,True,False
2021-01-31 02:00:00,0.14060000,0.14130000,0.13799000,0.1386,719790.0,0.13984208498623094,0.13947868354512993,0.00036340144110100225,0.0007166296383368907,924415.7000000016,537520.4118742103,-43.78,True,False,False,False,False,False,True,False
2021-01-31 03:00:00,0.13860000,0.13900000,0.13731000,0.13861,444335.8,0.13965253338370903,0.13941426833890308,0.000238265044805952,0.000620956719630703,1368751.5000000016,577624.448105903,48.07,True,False,False,False,False,False,True,False
2021-01-31 04:00:00,0.13831000,0.13925000,0.13722000,0.1378,378858.4,0.13936752816355755,0.13929457543546142,7.295272809612618e-05,0.0005113559213237877,989893.1000000016,597502.516574974,-27.68,True,False,False,False,False,False,True,False
2021-01-31 05:00:00,0.13780000,0.13920000,0.13620000,0.13683,360992.3,0.13897713911773205,0.13911184824111636,-0.0001347091233843134,0.0003821429123821675,628900.8000000017,599015.5219435112,-36.47,False,False,True,True,False,False,True,False
2021-01-31 06:00:00,0.13639000,0.13640000,0.13428000,0.13524,945332.0,0.1384021945164723,0.13882480314128676,-0.0004226086248144689,0.00022119260494284023,-316431.1999999983,554927.4787206253,-150.31,False,False,True,False,False,False,True,False
2021-01-31 07:00:00,0.13524000,0.13542000,0.13280000,0.13342,787017.3,0.13763570291521818,0.1384241351944174,-0.0007884322791992249,1.92676281144272e-05,-1103448.4999999984,475103.05019657983,248.72,False,False,True,False,False,False,True,False
2021-01-31 08:00:00,0.13348000,0.13355000,0.13097000,0.13336,1339605.4,0.13697790236710652,0.1380487432668763,-0.001070840899769776,-0.00019875407746241345,-2443053.8999999985,334712.51139910205,121.4,False,False,True,False,False,False,True,False
2021-01-31 09:00:00,0.13335000,0.13586000,0.13265000,0.13319,1780707.5,0.136395148082108,0.13768859579811887,-0.0012934477160108648,-0.00041769280517210374,-4223761.3999999985,115514.90930830939,72.89,False,False,True,False,False,False,True,False
2021-01-31 10:00:00,0.13300000,0.13556000,0.13257000,0.13554,378057.6,0.13626358682444203,0.13752934205996495,-0.001265755235522914,-0.0005873052912422659,-3845703.7999999984,-74874.3793262252,-8.95,False,False,True,False,False,False,True,False
2021-01-31 11:00:00,0.13554000,0.13950000,0.13446000,0.13896,1011031.9,0.1366784196587408,0.13763537744425478,-0.0009569577855139677,-0.0006612357900966062,-2834671.8999999985,-207460.48394855723,-26.29,False,False,True,False,False,False,True,False
2021-01-31 12:00:00,0.13872000,0.13996000,0.13700000,0.13919,665212.9,0.1370648166643155,0.13775059576389428,-0.0006857790995787871,-0.0006661444519930424,-2169458.9999999986,-301678.9072842149,-23.47,False,False,True,False,False,False,True,False
2021-01-31 13:00:00,0.13909000,0.14500000,0.13888000,0.14006,1770975.4,0.13752561413084335,0.13792174677305166,-0.0003961326422083078,-0.0006121420900360955,-398483.5999999987,-306325.7583353521,-81.63,False,False,True,False,True,True,False,False
2021-01-31 14:00:00,0.14006000,0.14032000,0.13627000,0.13627,1316143.0,0.1373324427153614,0.1377993395145314,-0.0004668967991700024,-0.0005830930318628769,-1714626.5999999987,-373901.582858208,330.29,False,False,True,False,True,False,False,False
2021-01-31 15:00:00,0.13627000,0.13777000,0.13041000,0.13244,1457268.2,0.13657975918529108,0.13740218423130554,-0.0008224250460144578,-0.0006309594346931931,-3171894.799999999,-508111.35210098256,84.99,False,False,True,False,False,False,True,True
2021-01-31 16:00:00,0.13226000,0.13820000,0.13100000,0.13661,1249492.7,0.13658441161850837,0.13734348103879002,-0.0007590694202816439,-0.0006565814318108832,-1922402.099999999,-575926.2838331935,-39.39,False,False,True,False,False,False,True,False
2021-01-31 17:00:00,0.13707000,0.13707000,0.13222000,0.13304,786133.2,0.13603911750499156,0.13702458958655062,-0.0009854720815590523,-0.0007223595617605171,-2708535.299999999,-678150.6102636654,40.89,False,False,True,False,False,False,True,False
2021-01-31 18:00:00,0.13256000,0.13537000,0.13108000,0.13109,438949.6,0.1352777147902217,0.13658484342080826,-0.0013071286305865737,-0.0008393133755257284,-3147484.899999999,-796478.2426015384,16.21,False,False,True,False,False,False,True,False
2021-01-31 19:00:00,0.13100000,0.13511000,0.13100000,0.13483,434957.4,0.13520883559006544,0.13645481478976418,-0.001245979199698738,-0.0009206465403603303,-2712527.499999999,-888265.5814821261,-13.82,False,False,True,False,False,False,True,False
2021-01-31 20:00:00,0.13425000,0.13489000,0.13229000,0.1341,182501.0,0.13503824549580612,0.1362803340807889,-0.0012420885849827867,-0.0009849349492848216,-2895028.499999999,-984371.0795189292,6.73,False,False,True,False,False,False,True,False
2021-01-31 21:00:00,0.13406000,0.13461000,0.13301000,0.13372,209300.6,0.13483543849295057,0.13609062938494262,-0.001255190891992053,-0.0010389861378262677,-3104329.099999999,-1085869.999067707,7.23,False,False,True,False,False,False,True,False
2021-01-31 22:00:00,0.13382000,0.13483000,0.13256000,0.1336,480130.9,0.13464537102972052,0.1359060929966235,-0.0012607219669029945,-0.001083333303641613,-3584459.999999999,-1205466.038288156,15.47,False,False,True,False,False,False,True,False
2021-01-31 23:00:00,0.13376000,0.13436000,0.13268000,0.13401,295552.9,0.13454762163932468,0.13576560971615703,-0.0012179880768323492,-0.0011102642582797603,-3288907.099999999,-1305166.2400352147,-8.25,False,False,True,False,False,False,True,False
2021-02-01 00:00:00,0.13402000,0.13426000,0.13020000,0.13119,309211.3,0.13403106445864207,0.13542660428031178,-0.0013955398216697057,-0.0011673193709577493,-3598118.399999999,-1414866.5738295072,9.4,False,False,True,False,False,False,True,False
2021-02-01 01:00:00,0.13085000,0.13492000,0.13070000,0.13426,442701.2,0.13406628531147033,0.1353401722969735,-0.001273886985503181,-0.0011886328938668358,-3155417.199999999,-1498120.097783479,-12.3,False,False,True,False,False,False,True,False
2021-02-01 02:00:00,0.13426000,0.13499000,0.13279000,0.13477,286899.1,0.13417454911051627,0.13529792968612953,-0.0011233805756132587,-0.0011755824302161204,-2868518.0999999987,-1563654.6492448058,-9.09,False,False,True,False,True,True,False,False
2021-02-01 03:00:00,0.13494000,0.13500000,0.13372000,0.13421,443317.9,0.1341800030935483,0.13521732882925164,-0.0010373257357033372,-0.0011479310913135637,-3311835.9999999986,-1647238.4589774546,15.45,False,False,True,False,True,False,False,False
2021-02-01 04:00:00,0.13422000,0.13472000,0.13288000,0.1342,284676.4,0.1341830795407112,0.13514195947314395,-0.000958879932432738,-0.0011101208595373985,-3596512.3999999985,-1740418.9136151993,8.6,False,False,True,False,True,False,False,False
2021-02-01 05:00:00,0.13432000,0.13903000,0.13342000,0.13834,941112.4,0.13482260576811808,0.13537888531720996,-0.0005562795490918759,-0.000999352597448294,-2655399.9999999986,-1784149.4028449059,-26.17,False,False,True,False,True,False,False,False
2021-02-01 06:00:00,0.13834000,0.13971000,0.13529000,0.13644,672825.6,0.13507143565090113,0.13545749683593464,-0.0003860611850335094,-0.0008766943149653371,-3328225.5999999987,-1857933.8841331995,25.34,False,False,True,False,True,False,False,False
2021-02-01 07:00:00,0.13676000,0.14480000,0.13649000,0.14326,2383063.7,0.13633121478562307,0.13603553105220775,0.0002956837334153195,-0.0006422187052892059,-945161.8999999985,-1814323.8616210478,-71.6,True,True,False,False,True,False,False,False
2021-02-01 08:00:00,0.14334000,0.14646000,0.14182000,0.14333,1285562.9,0.1374079509754092,0.13657592356145837,0.000832027413950831,-0.00034736948144119847,340401.0000000014,-1711392.671522278,-136.02,True,False,False,False,True,False,False,False
2021-02-01 09:00:00,0.14381000,0.14428000,0.14178000,0.144,930482.3,0.13842211236616597,0.13712591308269773,0.0012961992834682468,-1.8655728459309438e-05,1270883.3000000014,-1568950.8720915783,273.35,True,False,False,False,True,False,False,False
2021-02-01 10:00:00,0.14381000,0.14932000,0.14303000,0.14819,2929307.2,0.13992486431278944,0.13794555501829633,0.001979309294493109,0.00038093727613117427,4200190.500000002,-1293440.2264525485,230.49,True,False,False,False,True,False,False,False
2021-02-01 11:00:00,0.14818000,0.15400000,0.14689000,0.14816,2923473.2,0.14119180826677724,0.13870224890790797,0.00248955935886927,0.0008026616926787935,1276717.3000000017,-1170716.7901574722,-69.6,True,False,False,False,True,False,False,False
2021-02-01 12:00:00,0.14815000,0.15400000,0.14629000,0.15338,2204116.1,0.1430669146899145,0.13978958065048028,0.0032773340394342265,0.0012975961620298802,3480833.400000002,-948637.083092521,172.64,True,False,False,False,True,False,False,False
2021-02-01 13:00:00,0.15372000,0.15960000,0.14890000,0.14972,3469285.6,0.14409046627730154,0.14052522422575536,0.0035652420515461802,0.0017511253399331403,11547.800000001676,-902800.5110650617,-99.67,True,False,False,False,True,False,False,False
2021-02-01 14:00:00,0.14925000,0.15765000,0.14393000,0.14945,2987746.4,0.1449150099277791,0.14118636612434898,0.003728643803430104,0.002146629032632533,-2976198.599999998,-1001767.1075568049,-25872.86,True,False,False,False,True,False,False,False
2021-02-01 15:00:00,0.14974000,0.15500000,0.14929000,0.15237,1521066.3,0.14606193147833035,0.14201483844161733,0.004047093036713023,0.0025267218334486313,-1455132.2999999982,-1023404.5157921506,-51.11,True,False,False,False,True,False,False,False
2021-02-01 16:00:00,0.15237000,0.15976000,0.15190000,0.15233,3204624.7,0.14702624971312975,0.14277897144813487,0.00424727826499488,0.0028708331197578813,-4659756.999999998,-1196935.2868308246,220.23,True,False,False,False,True,False,False,False
2021-02-01 17:00:00,0.15271000,0.15323000,0.14902000,0.14956,1711767.3,0.1474160574498095,0.14328129844644943,0.004134759003360078,0.0031236182964783205,-6371524.299999998,-1443847.2099747036,36.74,True,False,False,False,True,False,False,False
2021-02-01 18:00:00,0.14954000,0.15018000,0.14652000,0.14816,1939066.1,0.147530510149898,0.14364270279047098,0.003887807359427009,0.0032764561090680585,-8310590.3999999985,-1771470.5233100152,30.43,True,False,False,False,True,False,False,False
2021-02-01 19:00:00,0.14804000,0.15007000,0.14718000,0.14786,1149179.1,0.1475812008960897,0.143955110418896,0.0036260904771936997,0.003346382982693187,-9459769.499999998,-2138257.6312889564,13.83,True,False,False,False,True,False,False,False
2021-02-01 20:00:00,0.14820000,0.15085000,0.14751000,0.15085,1095231.8,0.14808409306610823,0.144465866054569,0.0036182270115392434,0.0034007517884623983,-8364537.699999998,-2435269.753425153,-11.58,True,False,False,False,True,False,False,False
2021-02-01 21:00:00,0.15033000,0.16700000,0.15033000,0.16029,10001403.4,0.14996192490267976,0.14563807315804286,0.004323851744636897,0.0035853717796972984,1636865.700000002,-2241033.0547602233,-119.57,True,False,False,False,True,False,False,False
2021-02-01 22:00:00,0.16014000,0.16800000,0.15850000,0.16384,3037815.9,0.15209701337975645,0.14698641625857073,0.005110597121185723,0.003890416847994983,4674681.6000000015,-1911186.8995158297,185.59,True,False,False,False,True,False,False,False
2021-02-01 23:00:00,0.16416000,0.16609000,0.16014000,0.16381,850167.6,0.15389901132173653,0.148232652339962,0.005666358981774533,0.004245605274750893,3824514.0000000014,-1637642.5172881724,-18.19,True,False,False,False,True,False,False,False
2021-02-02 00:00:00,0.16389000,0.16728000,0.15863000,0.15919,1907469.7,0.15471300958008538,0.14904433467492315,0.005668674905162235,0.004530219200833162,1917044.3000000014,-1468126.3331142317,-49.87,True,False,False,False,True,False,False,False
2021-02-02 01:00:00,0.15981000,0.15981000,0.15211000,0.15834,1960264.2,0.1552710081063157,0.14973292364835109,0.005538084457964609,0.0047317922522594515,-43219.89999999851,-1400179.9736019417,-102.25,True,False,False,False,True,False,False,False
2021-02-02 02:00:00,0.15854000,0.15868000,0.15253000,0.15488,1039998.1,0.15521085301302817,0.15011419941775397,0.005096653595274198,0.0048047645208624005,-1083217.9999999986,-1385066.7029927343,2406.29,True,False,False,False,True,False,False,False
2021-02-02 03:00:00,0.15458000,0.16004000,0.15333000,0.155,1101651.1,0.15517841408794317,0.15047612011222594,0.0047022939757172255,0.004784270411833365,18433.10000000149,-1318149.702736198,-101.7,True,False,False,False,False,False,True,True
2021-02-02 04:00:00,0.15497000,0.15882000,0.15435000,0.15688,566428.2,0.15544019653597738,0.1509504931636132,0.004489703372364179,0.004725357003939528,584861.3000000014,-1227422.0832988063,3072.89,True,False,False,False,False,False,True,False
2021-02-02 05:00:00,0.15741000,0.15947000,0.15533000,0.15718,760704.7,0.15570785860738748,0.15141194854309725,0.004295910064290226,0.004639467616009667,1345566.0000000014,-1104759.7182917017,130.07,True,False,False,False,False,False,True,False
2021-02-02 06:00:00,0.15717000,0.16019000,0.15675000,0.15824,1120438.0,0.1560974188216627,0.1519177407164123,0.004179678105250412,0.0045475097138578165,2466004.0000000014,-934539.4814124847,83.27,True,False,False,False,False,False,True,False
2021-02-02 07:00:00,0.15831000,0.15892000,0.15604000,0.15643,917704.5,0.15614858515679453,0.15225198862101003,0.0038965965357845023,0.004417327078243154,1548299.5000000014,-816187.2992038679,-37.21,True,False,False,False,False,False,True,False
2021-02-02 08:00:00,0.15643000,0.15771000,0.15000000,0.15306,2159573.0,0.15567341820957167,0.1523118423895372,0.0033615758200344625,0.004206176826601416,-611273.4999999986,-806419.9295675108,-139.48,True,False,False,False,False,False,True,False
2021-02-02 09:00:00,0.15309000,0.15320000,0.14939000,0.15145,1953128.2,0.15502366156191785,0.1522480011520501,0.002775660409867764,0.003920073543254686,-2564401.6999999983,-890211.5335207065,319.52,True,False,False,False,False,False,True,False
2021-02-02 10:00:00,0.15145000,0.15192000,0.14589000,0.14835,3238178.3,0.15399694439850922,0.1519592558848362,0.0020376885136730305,0.003543596537338355,-5802579.999999998,-1124341.906285268,126.27,True,False,False,False,False,False,True,False
2021-02-02 11:00:00,0.14835000,0.15132000,0.14705000,0.15057,2280380.6,0.15346972218333801,0.15185634657593303,0.0016133756074049876,0.003157552351351682,-3522199.399999998,-1238622.318053083,-39.3,True,False,False,False,False,False,True,False
2021-02-02 12:00:00,0.15109000,0.15420000,0.14926000,0.15168,2076122.9,0.15319438030897128,0.15184328369435013,0.0013510966146211556,0.0027962612040055767,-1446076.4999999981,-1248509.0578350713,-58.94,True,False,False,False,False,False,True,False
2021-02-02 13:00:00,0.15167000,0.15236000,0.14937000,0.15236,1170972.3,0.1530660141075883,0.15188155944358872,0.001184454663999579,0.0024738998960043774,-275104.1999999981,-1202120.8348357044,-80.98,True,False,False,False,False,False,True,False
2021-02-02 14:00:00,0.15245000,0.15474000,0.15005000,0.15118,1224570.5,0.15277585809103095,0.15182959148988082,0.0009462666011501308,0.002168373237033528,-1499674.699999998,-1216300.4333806795,445.13,True,False,False,False,False,False,True,False
2021-02-02 15:00:00,0.15115000,0.15115000,0.14766000,0.14856,1081069.7,0.1521272645385546,0.15158739699239457,0.0005398675461600333,0.0018426720988588294,-2580744.399999998,-1281319.227983366,72.09,True,False,False,False,False,False,True,False
2021-02-02 16:00:00,0.14916000,0.15066000,0.13979000,0.14535,3674350.1,0.1510846084556864,0.15112536310727817,-4.0754651591784485e-05,0.0014659867487687068,-6255094.499999998,-1518322.836049701,142.38,False,False,True,True,False,False,True,False
2021-02-02 17:00:00,0.14507000,0.14764000,0.14388000,0.1463,1347080.9,0.1503485148471111,0.15076792559519275,-0.0004194107480816611,0.0010889072493986333,-4908013.599999998,-1679838.6891918883,-21.54,False,False,True,False,False,False,True,False
2021-02-02 18:00:00,0.14601000,0.14649000,0.14352000,0.14433,867111.5,0.1494225894860084,0.15029103825494547,-0.0008684487689370746,0.0006974360457314918,-5775125.099999998,-1874969.6966460857,17.67,False,False,True,False,False,False,True,False
2021-02-02 19:00:00,0.14433000,0.14643000,0.14375000,0.14476,684415.5,0.1487052680266168,0.14988132856513972,-0.0011760605385229272,0.000322736728880608,-5090709.599999998,-2028187.938561507,-11.85,False,False,True,False,False,False,True,False
2021-02-02 20:00:00,0.14478000,0.14545000,0.14084000,0.1441,1925940.2,0.1479967652532864,0.14945307895378412,-0.00145631370049773,-3.30733569950596e-05,-7016649.799999998,-2265863.409335984,37.83,False,False,True,False,False,False,True,False
2021-02-02 21:00:00,0.14408000,0.14663000,0.14359000,0.1457,1051083.5,0.14764341675277878,0.1491750712714597,-0.001531654518680925,-0.0003327895893322327,-5965566.299999998,-2442131.324057373,-14.98,False,False,True,False,False,False,True,False
2021-02-02 22:00:00,0.14575000,0.14982000,0.14556000,0.14771,1377488.0,0.1476536603292744,0.14906654681071382,-0.0014128864814394182,-0.0005488089677536698,-4588078.299999998,-2544369.8675432694,-23.09,False,False,True,False,False,False,True,False
2021-02-02 23:00:00,0.14801000,0.15132000,0.14733000,0.14804,1393272.3,0.14771309720169398,0.1489905058761676,-0.0012774086744736235,-0.0006945289090976606,-3194805.999999998,-2575357.6206510076,-30.37,False,False,True,False,False,False,True,False
2021-02-03 00:00:00,0.14828000,0.15000000,0.14642000,0.14715,667660.4,0.1476264668629715,0.148854171393638,-0.0012277045306664791,-0.0008011640334114243,-3862466.399999998,-2636676.037012596,20.9,False,False,True,False,False,False,True,False
2021-02-03 01:00:00,0.14718000,0.14731000,0.14452000,0.14674,583968.3,0.14749008734559088,0.14869756534588885,-0.001207478000297968,-0.000882426826788733,-4446434.699999998,-2722891.87529292,15.12,False,False,True,False,False,False,True,False
2021-02-03 02:00:00,0.14629000,0.14723000,0.14584000,0.14667,353837.4,0.14736392006165352,0.14854737464598453,-0.0011834545843310007,-0.0009426323782971867,-4800272.099999999,-2821855.032061985,7.96,False,False,True,False,False,False,True,False
2021-02-03 03:00:00,0.14705000,0.14741000,0.14200000,0.14469,1944769.2,0.1469525477444752,0.14826164200294858,-0.0013090942584733922,-0.0010159247543324278,-6745041.299999999,-3008745.887871061,40.51,False,False,True,False,False,False,True,False
2021-02-03 04:00:00,0.14465000,0.14589000,0.14318000,0.14572,1533047.6,0.1467629250145556,0.14807337150029307,-0.001310446485737471,-0.0010748291006134364,-5211993.699999999,-3113701.2062689625,-22.73,False,False,True,False,False,False,True,False
2021-02-03 05:00:00,0.14577000,0.14625000,0.14253000,0.14464,1288748.3,0.14643632116616195,0.1478190467790638,-0.0013827256129018417,-0.0011364084030711175,-6500741.999999999,-3275045.6042644675,24.73,False,False,True,False,False,False,True,False
2021-02-03 06:00:00,0.14461000,0.14655000,0.14414000,0.1447,851194.8,0.14616919483290594,0.14758800551449203,-0.0014188106815860857,-0.001192888858774111,-5649547.199999999,-3388154.9926295234,-13.09,False,False,True,False,False,False,True,False
2021-02-03 07:00:00,0.14508000,0.14891000,0.14471000,0.14855,1547246.9,0.1465354725509208,0.1476592645830015,-0.0011237920320806838,-0.0011790694934354258,-4102300.2999999993,-3422172.7630714946,-27.39,False,False,True,False,True,True,False,False
2021-02-03 08:00:00,0.14855000,0.14868000,0.14369000,0.14509,1570437.3,0.14631309215847127,0.14746894814952985,-0.0011558559910585797,-0.0011744267929600567,-5672737.6,-3529375.084420155,38.28,False,False,True,False,True,False,False,False
2021-02-03 09:00:00,0.14476000,0.14558000,0.14380000,0.1454,775210.4,0.14617261644178325,0.1473156923295792,-0.0011430758877959413,-0.0011681566119272335,-4897527.199999999,-3594544.0402176646,-13.67,False,False,True,False,True,False,False,False
2021-02-03 10:00:00,0.14530000,0.14995000,0.14500000,0.14802,1560900.5,0.14645682929689371,0.1473678633946721,-0.0009110340977783737,-0.0011167321090974616,-3336626.6999999993,-3582258.8769560517,-31.87,False,False,True,False,True,False,False,False
2021-02-03 11:00:00,0.14829000,0.14902000,0.14431000,0.14524,2773099.5,0.1462696247896792,0.14721024352996134,-0.0009406187402821453,-0.0010815094353343983,-6109726.199999999,-3702646.056609805,83.11,False,False,True,False,True,False,False,False
2021-02-03 12:00:00,0.14550000,0.14649000,0.14410000,0.146,1582670.9,0.14622814405280546,0.14712059567465147,-0.0008924516218460077,-0.0010436978726367204,-4527055.299999999,-3741913.453746328,-25.9,False,False,True,False,True,False,False,False
2021-02-03 13:00:00,0.14630000,0.14780000,0.14550000,0.14706,1192738.4,0.14635612189083544,0.14711610709751613,-0.0007599852066806911,-0.0009869553394455145,-3334316.899999999,-3722499.4729538267,-26.35,False,False,True,False,True,False,False,False
2021-02-03 14:00:00,0.14742000,0.14995000,0.14671000,0.14819,1592563.4,0.14663825698455316,0.14719565486174382,-0.0005573978771906685,-0.0009010438469945454,-1741753.499999999,-3628156.8492134414,-47.76,False,False,True,False,True,False,False,False
2021-02-03 15:00:00,0.14820000,0.15250000,0.14801000,0.15005,1832538.9,0.14716314052539128,0.14740708818397877,-0.00024394765858748446,-0.0007696246093131333,90785.40000000084,-3451026.118752596,-105.21,False,False,True,False,True,False,False,False
2021-02-03 16:00:00,0.15053000,0.15117000,0.14801000,0.1492,1193352.7,0.147476503521485,0.1475398966696453,-6.339314816028452e-05,-0.0006283783170825635,-1102567.299999999,-3339171.747114833,-1314.48,False,False,True,False,True,False,False,False
2021-02-03 17:00:00,0.14892000,0.14977000,0.14801000,0.14914,598522.0,0.1477324260566412,0.14765842301001228,7.40030466289121e-05,-0.0004879020443402684,-1701089.299999999,-3261152.542791783,54.28,True,True,False,False,True,False,False,False
2021-02-03 18:00:00,0.14963000,0.16150000,0.14843000,0.15809,7717182.7,0.14932589897100437,0.14843113342927308,0.0008947655417312905,-0.00021136852712595663,6016093.400000001,-2819296.5194609193,-453.66,True,False,False,False,True,False,False,False
2021-02-03 19:00:00,0.15754000,0.16195000,0.15429000,0.15556,5721666.1,0.15028499143700386,0.14895919826043832,0.0013257931765655318,9.606381361234104e-05,294427.3000000017,-2670997.6156447832,-95.11,True,False,False,False,True,False,False,False
2021-02-03 20:00:00,0.15564000,0.15600000,0.15290000,0.15354,1255642.4,0.15078576198515717,0.14929851728903684,0.0014872446961203267,0.0003742999901139382,-961215.0999999982,-2589565.625353747,-426.47,True,False,False,False,True,False,False,False
2021-02-03 21:00:00,0.15379000,0.15400000,0.15162000,0.15314,614333.1,0.1511479524489792,0.14958307185993772,0.001564880589041473,0.0006124161098994452,-1575548.1999999983,-2541271.300716608,63.91,True,False,False,False,True,False,False,False
2021-02-03 22:00:00,0.15315000,0.15364000,0.15072000,0.15133,667126.0,0.15117595976452086,0.14971247406902916,0.0014634856954917064,0.0007826300270178973,-2242674.1999999983,-2527050.2091367966,42.34,True,False,False,False,True,False,False,False
2021-02-03 23:00:00,0.15132000,0.15207000,0.15036000,0.15124,652801.5,0.15118581210844073,0.14982562423890491,0.0013601878695358172,0.0008981415955214814,-2895475.6999999983,-2544596.8442052105,29.11,True,False,False,False,True,False,False,False
2021-02-04 00:00:00,0.15124000,0.15750000,0.15097000,0.1529,2173376.3,0.1514495333225268,0.15005335596482536,0.0013961773577014502,0.0009977487479574752,-722099.3999999985,-2457799.171937944,-75.06,True,False,False,False,True,False,False,False
2021-02-04 01:00:00,0.15288000,0.15294000,0.15085000,0.15101,526616.4,0.15138191281136884,0.15012421854013325,0.0012576942712355932,0.0010497378526130989,-1248715.7999999984,-2400216.141020662,72.93,True,False,False,False,True,False,False,False
2021-02-04 02:00:00,0.15104000,0.15135000,0.14512000,0.15059,1910881.9,0.15126008007115824,0.15015872089492116,0.0011013591762370767,0.0010600621173378945,-3159597.6999999983,-2436381.7328885463,153.03,True,False,False,False,True,False,False,False
2021-02-04 03:00:00,0.15016000,0.15124000,0.14629000,0.1473,896949.7,0.1506508369832877,0.1499469636527764,0.0007038733305113065,0.0009888243599725768,-4056547.3999999985,-2513541.755182329,28.39,True,False,False,False,False,False,True,True
2021-02-04 04:00:00,0.14695000,0.14842000,0.14560000,0.14771,700898.8,0.15019840052432035,0.14978126254088073,0.0004171379834396194,0.0008744870846659853,-3355648.5999999987,-2553646.672979314,-17.28,True,False,False,False,False,False,True,False
2021-02-04 05:00:00,0.14801000,0.15150000,0.14734000,0.15,1796335.6,0.15016787736673262,0.14979746532473673,0.0003704120419958934,0.000773672076131967,-1559312.9999999986,-2506292.2867531227,-53.53,True,False,False,False,False,False,True,False
2021-02-04 06:00:00,0.14998000,0.15390000,0.14831000,0.15337,2294109.4,0.15066051161800453,0.150062097660618,0.0005984139573865233,0.0007386204523828784,734796.4000000013,-2351938.7004264677,-147.12,True,False,False,False,False,False,True,False
2021-02-04 07:00:00,0.15388000,0.15420000,0.15015000,0.15083,1539291.9,0.15068658675369614,0.1501189793427954,0.0005676074109007556,0.0007044178440864539,-804495.4999999986,-2278243.6400966784,-209.49,True,False,False,False,False,False,True,False
2021-02-04 08:00:00,0.15132000,0.15156000,0.14530000,0.1455,1874672.7,0.14988865033005055,0.14977683257215982,0.00011181775789073645,0.0005858978268473104,-2679168.1999999983,-2297337.0843353975,233.02,True,False,False,False,False,False,True,False
2021-02-04 09:00:00,0.14592000,0.14720000,0.13580000,0.14448,5462003.8,0.14905655027927353,0.14938447444176575,-0.00032792416249222134,0.00040313342897940405,-8141171.999999998,-2575639.904181921,203.87,False,False,True,True,False,False,True,False
2021-02-04 10:00:00,0.14408000,0.14535000,0.14138000,0.14324,2108709.8,0.14816169639015453,0.1489293280127236,-0.0007676316225690705,0.00016898041866970914,-10249881.799999997,-2941111.2198492517,25.9,False,False,True,False,False,False,True,False
2021-02-04 11:00:00,0.14323000,0.14412000,0.14221000,0.14273,777630.1,0.14732605079166922,0.14847011836766005,-0.001144067575990837,-9.362918026240008e-05,-11027511.899999997,-3326209.2544006403,7.59,False,False,True,False,False,False,True,False
2021-02-04 12:00:00,0.14273000,0.14379000,0.12503000,0.14313,4068070.7,0.1466805045160278,0.14807455391440916,-0.001394049398381364,-0.0003537132238861929,-6959441.199999996,-3499233.7080301596,-36.89,False,False,True,False,False,False,True,False
2021-02-04 13:00:00,0.14315000,0.14638000,0.14264000,0.14611,1594038.4,0.14659273459048505,0.14792903135804333,-0.0013362967675582815,-0.0005502299326206107,-5365402.799999997,-3588105.462079218,-22.9,False,False,True,False,False,False,True,False
2021-02-04 14:00:00,0.14610000,0.14650000,0.13997000,0.14138,1875675.4,0.14579077542271812,0.1474439177877227,-0.0016531423650045785,-0.0007708124190974042,-7241078.199999997,-3762068.7728265533,34.96,False,False,True,False,False,False,True,False
2021-02-04 15:00:00,0.14094000,0.14357000,0.13669000,0.13984,3884143.0,0.1448752715115307,0.14688066447163137,-0.0020053929601006604,-0.0010177285272980556,-11125221.199999997,-4112718.552588043,53.64,False,False,True,False,False,False,True,False
2021-02-04 16:00:00,0.13985000,0.14316000,0.13844000,0.14256,1289419.7,0.14451907589437213,0.14656061517436456,-0.002041539279992427,-0.00122249067783693,-9835801.499999998,-4385263.688285148,-11.59,False,False,True,False,False,False,True,False
2021-02-04 17:00:00,0.14249000,0.14360000,0.14161000,0.14232,1055859.9,0.14418075652600718,0.14624649546171098,-0.0020657389357038036,-0.0013911403294103047,-10891661.399999999,-4695110.9645757,10.73,False,False,True,False,False,False,True,False
2021-02-04 18:00:00,0.14232000,0.14483000,0.14183000,0.14474,1141911.3,0.14426679398354453,0.1461349031822267,-0.0018681091986821607,-0.0014865341032646762,-9749750.099999998,-4935821.98616407,-10.48,False,False,True,False,False,False,True,False
2021-02-04 19:00:00,0.14476000,0.14541000,0.13423000,0.14389,3180564.7,0.14420882567838383,0.1459686140257981,-0.0017597883474142761,-0.0015411849520945962,-12930314.799999997,-5316533.087645453,32.62,False,False,True,False,False,False,True,False
2021-02-04 20:00:00,0.14354000,0.14590000,0.14334000,0.14488,1714105.2,0.14431208326632478,0.14588797593552605,-0.0015758926692012731,-0.0015481264955159318,-11216209.599999998,-5597484.800887737,-13.26,False,False,True,False,False,False,True,False
2021-02-04 21:00:00,0.14501000,0.14590000,0.14411000,0.14527,819471.1,0.1444594550715056,0.14584219993279232,-0.0013827448612867277,-0.0015150501686700911,-10396738.499999998,-5826032.10822693,-7.31,False,False,True,False,True,True,False,False
2021-02-04 22:00:00,0.14479000,0.14517000,0.14000000,0.14418,1494276.1,0.14441646198358166,0.14571907399314207,-0.0013026120095604166,-0.0014725625368481562,-11891014.599999998,-6114854.53917117,14.37,False,False,True,False,True,False,False,False
2021-02-04 23:00:00,0.14418000,0.14572000,0.14152000,0.14221,728062.8,0.14407700629379985,0.14545914254968412,-0.0013821362558842643,-0.0014544772806553779,-12619077.399999999,-6424593.471564898,6.12,False,False,True,False,True,False,False,False
2021-02-05 00:00:00,0.14225000,0.14723000,0.14225000,0.14668,1212835.5,0.1444774668639845,0.14554957644666977,-0.0010721095826852767,-0.0013780037410613577,-11406241.899999999,-6661825.062399128,-9.61,False,False,True,False,True,False,False,False
2021-02-05 01:00:00,0.14683000,0.14750000,0.14386000,0.14386,709390.5,0.14438247196183304,0.14542442262071406,-0.001041950658881019,-0.00131079312462529,-12115632.399999999,-6921540.847375271,6.22,False,False,True,False,True,False,False,False
2021-02-05 02:00:00,0.14427000,0.14542000,0.14379000,0.14526,188061.6,0.14451747627539718,0.14541224316596799,-0.0008947668905708028,-0.0012275878778143926,-11927570.799999999,-7159932.55683002,-1.55,False,False,True,False,True,False,False,False
2021-02-05 03:00:00,0.14526000,0.14694000,0.14479000,0.14679,846327.5,0.14486709530995145,0.14551429923829864,-0.0006472039283471898,-0.0011115110879209521,-11081243.299999999,-7346668.600726149,-7.1,False,False,True,False,True,False,False,False
2021-02-05 04:00:00,0.14681000,0.14748000,0.14570000,0.14729,612808.5,0.14523984987765123,0.14564583264064493,-0.0004059827629936952,-0.0009704054229355008,-10468434.799999999,-7495329.411712667,-5.53,False,False,True,False,True,False,False,False
2021-02-05 05:00:00,0.14679000,0.14859000,0.14666000,0.14709,1339510.9,0.1455244883580126,0.14575280801007853,-0.00022831965206593363,-0.0008219882687615874,-11807945.7,-7700699.035857754,12.8,False,False,True,False,True,False,False,False
2021-02-05 06:00:00,0.14709000,0.14818000,0.14560000,0.14817,986614.8,0.14593149014908757,0.14593185928328525,-3.6913419768080935e-07,-0.0006576644418488061,-10821330.899999999,-7849305.338461019,-8.36,False,False,True,False,True,False,False,False
2021-02-05 07:00:00,0.14816000,0.15300000,0.14806000,0.15126,2479555.9,0.14675126089538176,0.14632653640340265,0.00042472449197911155,-0.0004411866550832226,-8341774.999999998,-7872756.993929955,-22.91,True,True,False,False,True,False,False,False
2021-02-05 08:00:00,0.15129000,0.15495000,0.15060000,0.15325,2762284.0,0.14775106691147688,0.14683938559478943,0.0009116813166874516,-0.0001706130607290878,-5579490.999999998,-7763550.661750129,-33.11,True,False,False,False,True,False,False,False
2021-02-05 09:00:00,0.15321000,0.15381000,0.14800000,0.14924,1764662.1,0.14798013354048045,0.1470172088956489,0.0009629246448315532,5.6094480383040416e-05,-7344153.099999998,-7743578.793740653,31.63,True,False,False,False,True,False,False,False
2021-02-05 10:00:00,0.14933000,0.15369000,0.14903000,0.15254,1364566.2,0.14868165145732962,0.14742630455768532,0.001255346899644294,0.00029594496423529114,-5979586.899999998,-7659576.954393418,-18.58,True,False,False,False,True,False,False,False
2021-02-05 11:00:00,0.15254000,0.15500000,0.15250000,0.15405,986376.7,0.14950755123312506,0.1479169486919273,0.0015906025411977498,0.000554876479627783,-4993210.199999997,-7532603.905380299,-16.5,True,False,False,False,True,False,False,False
2021-02-05 12:00:00,0.15469000,0.15660000,0.15140000,0.15238,2050268.3,0.1499494664280289,0.14824754510221488,0.0017019213258140098,0.0007842854488650284,-7043478.499999997,-7509311.659724168,41.06,True,False,False,False,True,False,False,False
2021-02-05 13:00:00,0.15238000,0.15708000,0.15238000,0.15376,1400789.2,0.15053570236217828,0.1486558751141962,0.00187982724798208,0.0010033938086884387,-5642689.299999997,-7420422.846503916,-19.89,True,False,False,False,True,False,False,False
2021-02-05 14:00:00,0.15419000,0.16850000,0.15380000,0.16383,7606905.6,0.15258097892184316,0.14977988441483256,0.002801094507010604,0.0013629339483528717,1964216.3000000026,-6973525.528031764,-134.81,True,False,False,False,True,False,False,False
2021-02-05 15:00:00,0.16387000,0.16850000,0.15938000,0.16307,5032892.8,0.15419467447232882,0.15076433746155646,0.0034303370107723608,0.0017764145608367694,-3068676.499999997,-6787576.476473417,-256.23,True,False,False,False,True,False,False,False
2021-02-05 16:00:00,0.16313000,0.16573000,0.15500000,0.15848,3964251.3,0.15485395532273977,0.151335868041685,0.003518087281054766,0.0021247491048803687,-7032927.799999997,-6799260.103800619,129.18,True,False,False,False,True,False,False,False
2021-02-05 17:00:00,0.15855000,0.16290000,0.15574000,0.16266,2390414.7,0.15605488527308747,0.1521746926607137,0.0038801926123737673,0.0024758378063790484,-4642513.099999997,-6696555.931889869,-33.99,True,False,False,False,True,False,False,False
2021-02-05 18:00:00,0.16261000,0.16274000,0.15470000,0.1547,1819515.0,0.15584644138492015,0.15236175246972,0.0034846889152001514,0.002677608028143269,-6462028.099999997,-6685387.739641718,39.19,True,False,False,False,True,False,False,False
2021-02-05 19:00:00,0.15470000,0.16077000,0.15327000,0.15726,1753184.4,0.1560639119410863,0.1527245856310598,0.0033393263100264803,0.0028099516845199114,-4708843.699999997,-6591264.987576957,-27.13,True,False,False,False,True,False,False,False
2021-02-05 20:00:00,0.15716000,0.15800000,0.15131000,0.15754,2755377.8,0.15629100241168842,0.15308128300168827,0.0032097194100001447,0.002889905229615958,-1953465.8999999976,-6370413.820128733,-58.51,True,False,False,False,True,False,False,False
2021-02-05 21:00:00,0.15708000,0.15755000,0.15300000,0.15693,1561703.6,0.15638930973296714,0.15336637315708684,0.0030229365758802917,0.002916511498868825,-3515169.4999999977,-6234447.698877463,79.95,True,False,False,False,True,False,False,False
2021-02-05 22:00:00,0.15693000,0.16029000,0.15667000,0.158,1006235.8,0.15663710823558757,0.15370960478330228,0.0029275034522852905,0.002918709889552118,-2508933.6999999974,-6057039.65330284,-28.63,True,False,False,False,True,False,False,False
2021-02-05 23:00:00,0.15800000,0.16339000,0.15689000,0.16199,1577051.5,0.15746063004549718,0.15432296740555088,0.0031376626399463037,0.002962500439630955,-931882.1999999974,-5812981.1076601185,-62.86,True,False,False,False,True,False,False,False
2021-02-06 00:00:00,0.16192000,0.16370000,0.15868000,0.1594,1217545.6,0.1577589946538822,0.15469904390175207,0.0030599507521301417,0.002981990502130793,-2149427.7999999975,-5638523.853982263,130.65,True,False,False,False,True,False,False,False
2021-02-06 01:00:00,0.15921000,0.16336000,0.13900000,0.15004,5141818.9,0.1565714570148234,0.15435392953209673,0.002217527482726661,0.0028290978982499666,-7291246.699999997,-5717225.944789148,239.22,True,False,False,False,False,False,True,True
2021-02-06 02:00:00,0.15010000,0.15500000,0.14920000,0.15132,3440068.5,0.15576354055100441,0.15412919400724373,0.0016343465437606841,0.00259014762735211,-3851178.1999999974,-5628365.44994215,-47.18,True,False,False,False,False,False,True,False
2021-02-06 03:00:00,0.15110000,0.15302000,0.14729000,0.15196,1522611.2,0.1551783804662345,0.15396851296705055,0.0012098674991839475,0.0023140916017184775,-2328566.999999997,-5471230.374209451,-39.54,True,False,False,False,False,False,True,False
2021-02-06 04:00:00,0.15150000,0.15150000,0.14729000,0.1492,747236.5,0.15425862962527537,0.15361528977897407,0.0006433398463012996,0.001979941250635042,-3075803.499999997,-5357161.1721574785,32.09,True,False,False,False,False,False,True,False
2021-02-06 05:00:00,0.14878000,0.15019000,0.14563000,0.15019,689231.2,0.15363268660600224,0.15336156460661482,0.0002711219993874192,0.0016381774003855175,-2386572.299999997,-5215703.076192901,-22.41,True,False,False,False,False,False,True,False
2021-02-06 06:00:00,0.14985000,0.15274000,0.14940000,0.15184,533024.9,0.15335688866661729,0.15324885611577732,0.00010803255083996488,0.001332148430476407,-1853547.399999997,-5055598.826388056,-22.33,True,False,False,False,False,False,True,False
2021-02-06 07:00:00,0.15218000,0.15483000,0.15078000,0.15386,672441.3,0.1534342904102146,0.15329412603366963,0.0001401643765449878,0.001093751619690123,-1181106.099999997,-4871097.418321498,-36.28,True,False,False,False,False,False,True,False
2021-02-06 08:00:00,0.15377000,0.15487000,0.15238000,0.15295,701476.9,0.15335978419325852,0.15326863521607792,9.114897718059956e-05,0.0008932310911882183,-1882582.9999999972,-4728785.919121414,59.39,True,False,False,False,False,False,True,False
2021-02-06 09:00:00,0.15289000,0.15325000,0.15000000,0.15,977471.1,0.1528428943173726,0.1530265140864736,-0.00018361976910100108,0.0006778609191303744,-2860054.0999999973,-4639797.922120763,51.92,False,False,True,True,False,False,True,False
2021-02-06 10:00:00,0.15000000,0.15037000,0.14717000,0.14751,816513.7,0.1520224490377768,0.15261788340951432,-0.0005954343717375077,0.00042320186095679804,-3676567.799999997,-4593929.444291983,28.55,False,False,True,False,False,False,True,False
2021-02-06 11:00:00,0.14752000,0.14775000,0.14171000,0.14394,2015198.6,0.1507789953396573,0.15197507722537,-0.0011960818857126854,9.934511162290138e-05,-5691766.399999997,-4646207.803542664,54.81,False,False,True,False,False,False,True,False
2021-02-06 12:00:00,0.14343000,0.14532000,0.14195000,0.14444,996296.7,0.14980376528740233,0.15141692335227203,-0.0016131580648696964,-0.00024315552367561817,-4695469.699999996,-4648553.625613588,-17.5,False,False,True,False,False,False,True,False
2021-02-06 13:00:00,0.14430000,0.14562000,0.14300000,0.14388,843045.5,0.14889241678164813,0.15085863272936934,-0.0019662159477212005,-0.0005877676084847347,-5538515.199999996,-4690933.048918609,17.95,False,False,True,False,False,False,True,False
2021-02-06 14:00:00,0.14344000,0.14627000,0.14186000,0.1457,1514274.7,0.14840127573831766,0.15047651178378127,-0.002075236045463613,-0.0008852612958805104,-4024240.4999999963,-4659185.570138465,-27.34,False,False,True,False,False,False,True,False
2021-02-06 15:00:00,0.14539000,0.14694000,0.14406000,0.1442,1668081.8,0.1477549256247303,0.15001158498197267,-0.0022566593572423688,-0.0011595409081528822,-5692322.299999996,-4708382.873912726,41.45,False,False,True,False,False,False,True,False
2021-02-06 16:00:00,0.14462000,0.14776000,0.14352000,0.14686,1480901.2,0.14761724475938717,0.14977813424116787,-0.002160889481780698,-0.0013598106228784454,-4211421.099999996,-4684717.882478899,-26.02,False,False,True,False,False,False,True,False
2021-02-06 17:00:00,0.14730000,0.14764000,0.14538000,0.14701,552073.1,0.14752382248871224,0.14957308725920251,-0.0020492647704902778,-0.0014977014524008118,-3659347.999999996,-4635890.460177266,-13.11,False,False,True,False,False,False,True,False
2021-02-06 18:00:00,0.14753000,0.14852000,0.14572000,0.14682,560506.0,0.1474155421058334,0.14936915486858388,-0.0019536127627504674,-0.0015888837144707431,-4219853.999999996,-4616079.0900229225,15.32,False,False,True,False,False,False,True,False
2021-02-06 19:00:00,0.14721000,0.14891000,0.14657000,0.14835,901182.6,0.1475593048587821,0.14929366191499618,-0.0017343570562140809,-0.0016179783828194107,-3318671.399999996,-4554297.444317667,-21.36,False,False,True,False,False,False,True,False
2021-02-06 20:00:00,0.14778000,0.14834000,0.14479000,0.14677,590901.3,0.14743787334204642,0.14910672399454314,-0.0016688506524967228,-0.0016281528367548732,-3909572.6999999965,-4523596.111194899,17.81,False,False,True,False,False,False,True,False
2021-02-06 21:00:00,0.14677000,0.14788000,0.14665000,0.14787,246232.3,0.14750435436634696,0.14901511480938842,-0.0015107604430414645,-0.0016046743580121917,-3663340.3999999966,-4482631.35677731,-6.3,False,False,True,False,True,True,False,False
2021-02-06 22:00:00,0.14784000,0.14840000,0.14428000,0.14595,627655.5,0.1472652229253705,0.14878806926709456,-0.00152284634172406,-0.0015883087547545656,-4290995.899999997,-4473505.8170952685,17.13,False,False,True,False,True,False,False,False
2021-02-06 23:00:00,0.14593000,0.14657000,0.14253000,0.14467,1187674.2,0.14686595785992887,0.14848302709809466,-0.0016170692381657914,-0.0015940608514368108,-5478670.099999997,-4521370.991457919,27.68,False,False,True,False,False,False,True,True
2021-02-07 00:00:00,0.14507000,0.14732000,0.14428000,0.14659,600037.5,0.1468235028045552,0.14834280286815202,-0.0015193000635968235,-0.0015791086938688136,-4878632.599999997,-4538383.519588393,-10.95,False,False,True,False,True,True,False,False
2021-02-07 01:00:00,0.14660000,0.14660000,0.13803000,0.1407,1759559.8,0.14588142545000826,0.14777666932066527,-0.0018952438706570096,-0.0016423357292264529,-6638192.399999997,-4638374.813740963,36.07,False,False,True,False,False,False,True,True
2021-02-07 02:00:00,0.14015000,0.14259000,0.13300000,0.13859,3026128.3,0.1447596676884685,0.1470961752950228,-0.0023365076065542945,-0.0017811701046920212,-9664320.699999996,-4877706.470845338,45.59,False,False,True,False,False,False,True,False
2021-02-07 03:00:00,0.13850000,0.13907000,0.13627000,0.13792,597608.4,0.14370741112101182,0.14641645860475508,-0.00270904748374326,-0.001966745580502269,-10261929.099999996,-5134098.9434874365,6.18,False,False,True,False,False,False,True,False
2021-02-07 04:00:00,0.13758000,0.13873000,0.13074000,0.13284,2141593.4,0.14203550171777923,0.14541079500200885,-0.0033752932842296135,-0.002248455121247738,-12403522.499999996,-5480263.15151327,20.87,False,False,True,False,False,False,True,False
2021-02-07 05:00:00,0.13293000,0.13702000,0.13244000,0.13515,2331636.4,0.14097619376119783,0.14465073611129586,-0.0036745423500980368,-0.0025336725670177976,-10071886.099999996,-5698912.574100893,-18.8,False,False,True,False,False,False,True,False
2021-02-07 06:00:00,0.13490000,0.13659000,0.13306000,0.13615,927076.5,0.14023370241332125,0.14402105195361845,-0.0037873495402971913,-0.0027844079616736765,-9144809.599999996,-5863003.416670879,-9.2,False,False,True,False,False,False,True,False
2021-02-07 07:00:00,0.13558000,0.13874000,0.13500000,0.13874,885422.7,0.14000390204204108,0.14362986291927785,-0.003625960877236767,-0.002952718544786295,-8259386.899999996,-5977117.252335328,-9.68,False,False,True,False,False,False,True,False
2021-02-07 08:00:00,0.13871000,0.13995000,0.13767000,0.13993,940993.5,0.1399925324971117,0.14335579899885179,-0.0033632665017400976,-0.0030348281361770556,-7318393.399999996,-6040987.7244322505,-11.39,False,False,True,False,False,False,True,False
2021-02-07 09:00:00,0.13956000,0.14500000,0.13956000,0.14237,1597439.8,0.14035829672832525,0.1432827768506704,-0.002924480122345141,-0.003012758533410673,-5720953.599999996,-6025747.963465102,-21.83,False,False,True,False,True,True,False,False
2021-02-07 10:00:00,0.14250000,0.14550000,0.14125000,0.14348,1316302.3,0.14083855877012136,0.14329738597286487,-0.002458827202743513,-0.002901972267277241,-4404651.299999996,-5948552.687637876,-23.01,False,False,True,False,True,False,False,False
2021-02-07 11:00:00,0.14353000,0.14800000,0.14184000,0.14667,1877572.2,0.14173570357471807,0.14354720923448114,-0.0018115056597630685,-0.0026838789457744065,-2527079.099999996,-5785624.978728311,-42.63,False,False,True,False,True,False,False,False
2021-02-07 12:00:00,0.14666000,0.14860000,0.14231000,0.14769,2099705.2,0.1426517491786076,0.14385408262491423,-0.0012023334463066304,-0.002387569845880851,-427373.8999999957,-5530469.575999773,-83.09,False,False,True,False,True,False,False,False
2021-02-07 13:00:00,0.14770000,0.14897000,0.14501000,0.14725,1384164.4,0.14335917238189871,0.1441056320604053,-0.0007464596785065891,-0.002059347812405999,-1811538.2999999956,-5353377.220841871,323.88,False,False,True,False,True,False,False,False
2021-02-07 14:00:00,0.14726000,0.14963000,0.13800000,0.14101,2608481.7,0.142997761246222,0.14387632598160394,-0.0008785647353819481,-0.0018231911970011888,-4420019.999999996,-5308931.545765357,143.99,False,False,True,False,True,False,False,False
2021-02-07 15:00:00,0.14100000,0.14242000,0.13376000,0.13712,2299173.3,0.14209349028526477,0.14337585738986305,-0.001282367104598281,-0.0017150263785206074,-6719193.299999996,-5376087.001412565,52.02,False,False,True,False,True,False,False,False
2021-02-07 16:00:00,0.13746000,0.13829000,0.13023000,0.13742,2052178.9,0.1413744917798394,0.14293468276797466,-0.0015601909881352571,-0.0016840593004435374,-4667014.399999997,-5342321.575266186,-30.54,False,False,True,False,True,False,False,False
2021-02-07 17:00:00,0.13740000,0.13949000,0.13454000,0.13634,699769.1,0.14059995458294106,0.1424461877476971,-0.0018462331647560448,-0.001716494073306039,-5366783.499999996,-5343486.430933432,14.99,False,False,True,False,False,False,True,True
2021-02-07 18:00:00,0.13670000,0.13938000,0.13628000,0.13885,656756.3,0.14033073080095013,0.142179803469874,-0.001849072668923868,-0.0017430097924296048,-4710027.199999996,-5313321.653649998,-12.24,False,False,True,False,False,False,True,False
2021-02-07 19:00:00,0.13862000,0.14087000,0.13675000,0.1373,568738.3,0.13986446452388088,0.14181833654590836,-0.0019538720220274863,-0.0017851822383491813,-5278765.499999996,-5311676.119822163,12.08,False,False,True,False,False,False,True,False
2021-02-07 20:00:00,0.13741000,0.14004000,0.13617000,0.13982,515608.5,0.13985762382789918,0.14167031161647897,-0.001812687788579792,-0.0017906833483953037,-4763156.999999996,-5285556.120893561,-9.77,False,False,True,False,False,False,True,False
2021-02-07 21:00:00,0.13981000,0.14022000,0.13819000,0.14,420620.5,0.13987952785437624,0.14154658482999352,-0.0016670569756172815,-0.0017659580738396993,-4342536.499999996,-5240650.357788454,-8.83,False,False,True,False,True,True,False,False
2021-02-07 22:00:00,0.13999000,0.14013000,0.13694000,0.13881,451377.2,0.13971498510754912,0.14134387484246583,-0.0016288897349167053,-0.0017385444060551006,-4793913.699999996,-5219377.153437283,10.39,False,False,True,False,True,False,False,False
2021-02-07 23:00:00,0.13880000,0.14139000,0.13843000,0.14111,899055.5,0.13992960278331082,0.1413265507800514,-0.0013969479967405884,-0.0016702251241921982,-3894858.1999999965,-5156304.737128278,-18.75,False,False,True,False,True,False,False,False
2021-02-08 00:00:00,0.14110000,0.14186000,0.13784000,0.13794,1579233.8,0.13962351004741683,0.14107569516658616,-0.0014521851191693358,-0.0016266171231876258,-5474091.999999996,-5171437.483398406,40.55,False,False,True,False,True,False,False,False
2021-02-08 01:00:00,0.13811000,0.14253000,0.13718000,0.14214,1452504.8,0.14001066234781426,0.14115453256169114,-0.0011438702138768797,-0.0015300677413254767,-4021587.1999999965,-5116682.640916158,-26.53,False,False,True,False,True,False,False,False
2021-02-08 02:00:00,0.14249000,0.14290000,0.13911000,0.1394,421977.9,0.13991671429430438,0.14102456718669415,-0.0011078528923897657,-0.0014456247715383347,-4443565.099999997,-5084629.387282332,10.49,False,False,True,False,True,False,False,False
2021-02-08 03:00:00,0.13948000,0.14172000,0.13911000,0.13913,384076.2,0.13979568132594986,0.14088422887651175,-0.001088547550561897,-0.0013742093273430471,-4827641.299999997,-5072391.845717689,8.64,False,False,True,False,True,False,False,False
2021-02-08 04:00:00,0.13913000,0.14221000,0.13910000,0.142,705993.9,0.14013480727580374,0.14096687858939375,-0.0008320713135900049,-0.0012657817245924387,-4121647.399999997,-5027118.252769492,-14.62,False,False,True,False,True,False,False,False
2021-02-08 05:00:00,0.14154000,0.14218000,0.14093000,0.14177,387270.7,0.14038637538721857,0.14102636906427415,-0.0006399936770555836,-0.0011406241150850678,-4508918.099999997,-5002442.030146773,9.4,False,False,True,False,True,False,False,False
2021-02-08 06:00:00,0.14177000,0.14395000,0.14177000,0.14352,499348.9,0.14086847148149265,0.14121108246697997,-0.0003426109854873238,-0.0009810214891655192,-4009569.199999997,-4955162.326183202,-11.07,False,False,True,False,True,False,False,False
2021-02-08 07:00:00,0.14319000,0.14500000,0.14270000,0.14437,1078445.3,0.1414071681766476,0.14144507635838452,-3.7908181736906466e-05,-0.0007923988276797966,-2931123.8999999966,-4858779.455869047,-26.9,False,False,True,False,True,False,False,False
2021-02-08 08:00:00,0.14437000,0.14789000,0.14437000,0.14631,1962382.1,0.14216144999562488,0.1418054410726777,0.0003560089229471819,-0.0005627172775544009,-968741.7999999966,-4673539.40620882,-66.95,True,True,False,False,True,False,False,False
2021-02-08 09:00:00,0.14631000,0.14969000,0.14510000,0.14733,2504017.5,0.1429566115347595,0.1422146676599913,0.0007419438747681972,-0.0003017850470898813,1535275.7000000034,-4377881.298841994,-258.48,True,False,False,False,True,False,False,False
2021-02-08 10:00:00,0.14732000,0.14950000,0.14670000,0.14942,1475832.0,0.14395097899095033,0.1427483959815997,0.0012025830093506384,-9.114358017773476e-07,3011107.7000000034,-4026024.4019755027,96.13,True,False,False,False,True,False,False,False
2021-02-08 11:00:00,0.14913000,0.15150000,0.14799000,0.14918,2282656.4,0.14475544376157337,0.14322481109417814,0.0015306326673952264,0.00030539738483762347,728451.3000000035,-3799620.6268345895,-75.81,True,False,False,False,True,False,False,False
2021-02-08 12:00:00,0.14929000,0.14938000,0.14501000,0.146,1668182.6,0.14494691395210055,0.14343038064279923,0.0015165333093013211,0.000547624569730363,-939731.2999999966,-3663435.3232434453,-229.0,True,False,False,False,True,False,False,False
2021-02-08 13:00:00,0.14616000,0.14690000,0.14000000,0.14346,2481422.9,0.1447181579594697,0.14343257466925896,0.0012855832902107511,0.0006952163138264405,-3421154.1999999965,-3651898.119027798,264.06,True,False,False,False,True,False,False,False
2021-02-08 14:00:00,0.14350000,0.14564000,0.14280000,0.14496,1922641.2,0.1447553644272436,0.14354571728637056,0.0012096471408730436,0.0007981024792357612,-1498512.9999999965,-3549355.9038791764,-56.2,True,False,False,False,True,False,False,False
2021-02-08 15:00:00,0.14496000,0.14908000,0.14483000,0.14649,2072986.3,0.1450222314384369,0.14376381230223007,0.0012584191362068342,0.000890165810629976,574473.3000000035,-3352982.9631354366,-138.34,True,False,False,False,True,False,False,False
2021-02-08 16:00:00,0.14638000,0.14875000,0.14437000,0.14559,1452693.4,0.14510958044790814,0.143899085465048,0.001210494982860133,0.0009542316450760074,-878220.0999999964,-3235137.0430617984,-252.87,True,False,False,False,True,False,False,False
2021-02-08 17:00:00,0.14563000,0.14763000,0.14489000,0.14735,575748.8,0.1454542603789992,0.14415470876396863,0.0012995516150305642,0.0010232956390669188,-302471.2999999963,-3095486.2150130854,-65.56,True,False,False,False,True,False,False,False
2021-02-08 18:00:00,0.14735000,0.14760000,0.14489000,0.14499,447548.0,0.14538283570530702,0.14421658218886776,0.0011662535164392585,0.0010518872145413867,-750019.2999999963,-2983797.25459771,147.96,True,False,False,False,True,False,False,False
2021-02-08 19:00:00,0.14501000,0.14610000,0.14501000,0.14608,530667.8,0.1454900917506444,0.14435461313785686,0.0011354786127875383,0.001068605494190617,-219351.49999999627,-2852156.9135549953,-70.75,True,False,False,False,True,False,False,False
2021-02-08 20:00:00,0.14608000,0.14870000,0.14550000,0.14733,714934.5,0.14577315455823756,0.14457501216470642,0.0011981423935311375,0.0010945128740587212,495583.0000000037,-2692740.649905554,-325.93,True,False,False,False,True,False,False,False
2021-02-08 21:00:00,0.14730000,0.14776000,0.14560000,0.1456,472066.0,0.1457465153954318,0.1446509371895507,0.0010955782058811037,0.0010947259404231978,23517.000000003725,-2563394.9878047467,-95.25,True,False,False,False,True,False,False,False
2021-02-08 22:00:00,0.14560000,0.14675000,0.14390000,0.14542,992940.6,0.14569628225767306,0.1447079048051449,0.0009883774525281663,0.0010734562428441916,-969423.5999999963,-2487491.5550065977,-4222.22,True,False,False,False,False,False,True,True
